{
  "feature_scales": {
    "ball_recoveries": 14.0,
    "clearances": 29.0,
    "errors_bad_passes": 26.0,
    "errors_dispossessed": 8.0,
    "errors_fouls_committed": 9.0,
    "errors_miscontrols": 8.0,
    "interceptions": 7.0,
    "key_passes": 7.0,
    "passes_into_box": 11.0,
    "pressures": 52.0,
    "progressive_carries": 10.0,
    "progressive_passes_completed": 19.0,
    "shots": 16.0,
    "touches_in_box": 137.0,
    "xg_shots": 3.552515852
  },
  "features": [
    "xg_shots",
    "shots",
    "touches_in_box",
    "key_passes",
    "passes_into_box",
    "progressive_passes_completed",
    "progressive_carries",
    "ball_recoveries",
    "interceptions",
    "pressures",
    "clearances",
    "errors_bad_passes",
    "errors_dispossessed",
    "errors_fouls_committed",
    "errors_miscontrols"
  ],
  "formula_version": "vector_zone_duel_v2_specular_saturating",
  "loss": {
    "diff_weight": 1.0,
    "draw_weight": 0.5,
    "regularization": 0.03,
    "sign_tau": 4.0,
    "sign_weight": 6.0,
    "tau": 1.25,
    "validation_mod": 5
  },
  "metrics": {
    "all": {
      "avg_real_goals_per_team": 1.2881578947368422,
      "matches": 380,
      "soft_avg_pred_goals_per_team": 1.2458574452635398,
      "soft_goal_diff_mae": 1.2122479500636443,
      "soft_goal_mae_per_team": 0.859621857634766,
      "soft_wdl_accuracy": 0.5473684210526316
    },
    "train": {
      "avg_real_goals_per_team": 1.299342105263158,
      "matches": 304,
      "soft_avg_pred_goals_per_team": 1.2461709859499404,
      "soft_goal_diff_mae": 1.2235734940515162,
      "soft_goal_mae_per_team": 0.8752300631452727,
      "soft_wdl_accuracy": 0.5526315789473685
    },
    "validation": {
      "avg_real_goals_per_team": 1.243421052631579,
      "matches": 76,
      "soft_avg_pred_goals_per_team": 1.244603282517936,
      "soft_goal_diff_mae": 1.1669457741121594,
      "soft_goal_mae_per_team": 0.797189035592743,
      "soft_wdl_accuracy": 0.5263157894736842
    }
  },
  "params": {
    "ball_recoveries": 0.06245190289952003,
    "base": 70.55925701719454,
    "clearances": 0.9450289299577024,
    "errors_bad_passes": -0.3747083806487234,
    "errors_dispossessed": -0.22015760980698762,
    "errors_fouls_committed": -0.3587903144696081,
    "errors_miscontrols": -0.2932137452658562,
    "home_advantage": 0.6402763425034617,
    "interceptions": 0.655652810790948,
    "key_passes": 0.6016737583753039,
    "passes_into_box": 0.0,
    "pressures": 0.02889424776003577,
    "progressive_carries": 1.0916558886272651,
    "progressive_passes_completed": 0.6688099855470839,
    "saturation_k": 1.0672112754117191,
    "score_scale": 9.02213689643608,
    "shots": 0.6685156194287862,
    "touches_in_box": 0.14902337205867336,
    "xg_shots": 1.3584203947587532,
    "zone_center_weight": 0.06288305591220196
  }
}
