{
  "feature_scales": {
    "ball_recoveries": 14.0,
    "clearances": 29.0,
    "errors_bad_passes": 26.0,
    "errors_dispossessed": 8.0,
    "errors_fouls_committed": 9.0,
    "errors_miscontrols": 8.0,
    "interceptions": 7.0,
    "key_passes": 7.0,
    "passes_into_box": 11.0,
    "pressures": 52.0,
    "progressive_carries": 10.0,
    "progressive_passes_completed": 19.0,
    "shots": 16.0,
    "touches_in_box": 137.0,
    "xg_shots": 3.552515852
  },
  "features": [
    "xg_shots",
    "shots",
    "touches_in_box",
    "key_passes",
    "passes_into_box",
    "progressive_passes_completed",
    "progressive_carries",
    "ball_recoveries",
    "interceptions",
    "pressures",
    "clearances",
    "errors_bad_passes",
    "errors_dispossessed",
    "errors_fouls_committed",
    "errors_miscontrols"
  ],
  "formula_version": "vector_zone_duel_v2_specular_saturating",
  "loss": {
    "diff_weight": 1.0,
    "draw_weight": 0.5,
    "regularization": 0.03,
    "sign_tau": 4.0,
    "sign_weight": 6.0,
    "tau": 1.25,
    "validation_mod": 5
  },
  "metrics": {
    "all": {
      "avg_real_goals_per_team": 1.2881578947368422,
      "matches": 380,
      "soft_avg_pred_goals_per_team": 1.2057991631136453,
      "soft_goal_diff_mae": 1.2282994942433225,
      "soft_goal_mae_per_team": 0.8604245803579371,
      "soft_wdl_accuracy": 0.5526315789473685
    },
    "train": {
      "avg_real_goals_per_team": 1.299342105263158,
      "matches": 304,
      "soft_avg_pred_goals_per_team": 1.206200573650589,
      "soft_goal_diff_mae": 1.2405131086513084,
      "soft_goal_mae_per_team": 0.8760121709875246,
      "soft_wdl_accuracy": 0.5592105263157895
    },
    "validation": {
      "avg_real_goals_per_team": 1.243421052631579,
      "matches": 76,
      "soft_avg_pred_goals_per_team": 1.2041935209658707,
      "soft_goal_diff_mae": 1.1794450366113816,
      "soft_goal_mae_per_team": 0.7980742178395875,
      "soft_wdl_accuracy": 0.5263157894736842
    }
  },
  "params": {
    "ball_recoveries": 0.0011156809741555915,
    "base": 70.35489536057297,
    "clearances": 0.8591941965727423,
    "errors_bad_passes": -0.4846888652851164,
    "errors_dispossessed": -0.2534283520333696,
    "errors_fouls_committed": -0.07732810281831536,
    "errors_miscontrols": -0.08909341325016565,
    "home_advantage": 0.5376192850223445,
    "interceptions": 0.4743687873609474,
    "key_passes": 0.8591354750850362,
    "passes_into_box": 0.05695213461274165,
    "pressures": 0.00977294025109389,
    "progressive_carries": 0.6107299848684945,
    "progressive_passes_completed": 0.6766412726818983,
    "saturation_k": 0.7215697581408368,
    "score_scale": 8.951776638696611,
    "shots": 0.09739341325247908,
    "touches_in_box": 0.20778983939766435,
    "xg_shots": 1.3989311342933473
  }
}
