{
  "feature_scales": {
    "ball_recoveries": 14.0,
    "clearances": 29.0,
    "errors_bad_passes": 26.0,
    "errors_dispossessed": 8.0,
    "errors_fouls_committed": 9.0,
    "errors_miscontrols": 8.0,
    "interceptions": 7.0,
    "key_passes": 7.0,
    "passes_into_box": 11.0,
    "pressures": 52.0,
    "progressive_carries": 10.0,
    "progressive_passes_completed": 19.0,
    "shots": 16.0,
    "touches_in_box": 137.0,
    "xg_shots": 3.552515852
  },
  "features": [
    "xg_shots",
    "shots",
    "touches_in_box",
    "key_passes",
    "passes_into_box",
    "progressive_passes_completed",
    "progressive_carries",
    "ball_recoveries",
    "interceptions",
    "pressures",
    "clearances",
    "errors_bad_passes",
    "errors_dispossessed",
    "errors_fouls_committed",
    "errors_miscontrols"
  ],
  "formula_version": "vector_zone_duel_v1",
  "loss": {
    "diff_weight": 1.0,
    "draw_weight": 0.5,
    "regularization": 0.03,
    "sign_tau": 4.0,
    "sign_weight": 6.0,
    "tau": 1.25,
    "validation_mod": 5
  },
  "metrics": {
    "all": {
      "avg_real_goals_per_team": 1.2881578947368422,
      "matches": 380,
      "soft_avg_pred_goals_per_team": 1.3241809862043523,
      "soft_goal_diff_mae": 1.1707409764747725,
      "soft_goal_mae_per_team": 0.8597429439506439,
      "soft_wdl_accuracy": 0.5631578947368421
    },
    "train": {
      "avg_real_goals_per_team": 1.299342105263158,
      "matches": 304,
      "soft_avg_pred_goals_per_team": 1.3243891136747947,
      "soft_goal_diff_mae": 1.1781451430937315,
      "soft_goal_mae_per_team": 0.8738517963947562,
      "soft_wdl_accuracy": 0.569078947368421
    },
    "validation": {
      "avg_real_goals_per_team": 1.243421052631579,
      "matches": 76,
      "soft_avg_pred_goals_per_team": 1.3233484763225867,
      "soft_goal_diff_mae": 1.1411243099989332,
      "soft_goal_mae_per_team": 0.8033075341741917,
      "soft_wdl_accuracy": 0.5394736842105263
    }
  },
  "params": {
    "ball_recoveries": 0.0,
    "base": 70.99509652220887,
    "clearances": 1.0106836216043098,
    "errors_bad_passes": -1.2573227004262164,
    "errors_dispossessed": -0.6460265189856822,
    "errors_fouls_committed": -0.40131193877710797,
    "errors_miscontrols": -0.4359906560724681,
    "home_advantage": 0.5570077115186327,
    "interceptions": 0.7534822170883498,
    "key_passes": 0.8730681841672583,
    "passes_into_box": 0.0,
    "pressures": 0.0227029489702067,
    "progressive_carries": 0.620198930230854,
    "progressive_passes_completed": 0.9845414054432898,
    "score_scale": 9.677760956594469,
    "shots": 0.625034174658978,
    "touches_in_box": 0.15786998338175215,
    "xg_shots": 1.4963995216728512
  }
}
