{
  "calibrated_on_season": 2,
  "reference": {
    "ATT": {
      "mean": 1.1375032516698318,
      "n": 1412,
      "std": 1.286361224935301
    },
    "CEN": {
      "mean": 1.551896735149476,
      "n": 4145,
      "std": 1.2102349295133923
    },
    "DIF": {
      "mean": 1.3240754581241114,
      "n": 3584,
      "std": 0.9994226789349403
    },
    "POR": {
      "mean": 0.7140200729254219,
      "n": 764,
      "std": 2.157227520152759
    },
    "_OUTFIELD": {
      "mean": 1.3985617547827587,
      "n": 9141,
      "std": 1.1553141359004204
    }
  },
  "role_averages": {
    "ATT": {
      "aerials_lost": -0.12594307001004273,
      "aerials_won": 0.09685790978598553,
      "ball_recoveries": 0.1777554657441594,
      "big_chance_created": 0.0942403168839809,
      "big_chance_missed": -0.2048542852901227,
      "blocks": 0.0207230204426795,
      "clearances": 0.043722792013928584,
      "dribbled_past": -0.03972366579112261,
      "dribbles_won": 0.10651407912339005,
      "duels_lost": -0.4590238047538996,
      "duels_won": 0.376201899347723,
      "errors_bad_passes": -0.2851473098489747,
      "errors_dispossessed": -0.16644788382836423,
      "errors_fouls_committed": -0.128286126173511,
      "errors_led_to_goal": -0.007436260623229462,
      "errors_led_to_shot": -0.004603399433427762,
      "errors_miscontrols": -0.2772120244105932,
      "expected_assists": 0.20630571624414332,
      "interceptions": 0.0437637430465584,
      "key_passes": 0.28328048999432204,
      "last_man_tackle": 0.00042492917847025496,
      "long_balls_completed": 0.017901494051135974,
      "passes_completed": 0.06750228600431189,
      "passes_opp_half": 0.1366244014894925,
      "penalties_conceded": -0.0025495750708215293,
      "penalties_won": 0.015297450424929184,
      "shots": 0.16468610032212844,
      "shots_on_target": 0.1316828658234057,
      "tackles_won": 0.02845398766107657,
      "touches": 0.05405432817912384,
      "touches_in_box": 0.19329732292969035,
      "was_fouled": 0.046224950486814076,
      "xg_on_target": 0.3474833715560149,
      "xg_shots": 0.18573173617047528
    },
    "CEN": {
      "aerials_lost": -0.06714285478231123,
      "aerials_won": 0.057830965091627384,
      "ball_recoveries": 0.2656137526767732,
      "big_chance_created": 0.10478284228390954,
      "big_chance_missed": -0.06513414618556512,
      "blocks": 0.046807384693876866,
      "clearances": 0.06952173063590493,
      "clearances_off_line": 0.002316043425814234,
      "dribbled_past": -0.07685086542102348,
      "dribbles_won": 0.1321249190619283,
      "duels_lost": -0.394386571391144,
      "duels_won": 0.3827548237281636,
      "errors_bad_passes": -0.3388386259327345,
      "errors_dispossessed": -0.1288738996195108,
      "errors_fouls_committed": -0.11922953299076927,
      "errors_led_to_goal": -0.01158021712907117,
      "errors_led_to_shot": -0.016675831204718848,
      "errors_miscontrols": -0.19203616644933919,
      "expected_assists": 0.27280718468179094,
      "interceptions": 0.1430055192915451,
      "key_passes": 0.3332792130185195,
      "last_man_tackle": 0.0010132689987937275,
      "long_balls_completed": 0.04386954106169292,
      "passes_completed": 0.1051011882294489,
      "passes_opp_half": 0.19890264552243803,
      "penalties_conceded": -0.007816646562123037,
      "penalties_won": 0.004439083232810616,
      "shots": 0.1151139653402791,
      "shots_on_target": 0.07398203795160957,
      "tackles_won": 0.06259686299054557,
      "touches": 0.07016780451807567,
      "touches_in_box": 0.17379737833860837,
      "was_fouled": 0.04030270645111768,
      "xg_on_target": 0.1672312206215631,
      "xg_shots": 0.10310001097094713
    },
    "DIF": {
      "_exposure": -0.21535223866340383,
      "aerials_lost": -0.08165904502370712,
      "aerials_won": 0.09487809440103932,
      "ball_recoveries": 0.25310338504635327,
      "big_chance_created": 0.06151121144592127,
      "big_chance_missed": -0.037122128524411824,
      "blocks": 0.11786554407608703,
      "clearances": 0.16592477883745602,
      "clearances_off_line": 0.011253172670172564,
      "dribbled_past": -0.061252984018040406,
      "dribbles_won": 0.06465491332658031,
      "duels_lost": -0.34072475448058703,
      "duels_won": 0.37685253399882795,
      "errors_bad_passes": -0.35210489344725115,
      "errors_dispossessed": -0.054909190490221894,
      "errors_fouls_committed": -0.11826759693841113,
      "errors_led_to_goal": -0.0234375,
      "errors_led_to_shot": -0.02158592662686354,
      "errors_miscontrols": -0.12116376911602332,
      "expected_assists": 0.19398545388932845,
      "interceptions": 0.20600673277651377,
      "key_passes": 0.2006475059237521,
      "last_man_tackle": 0.01472790594219112,
      "long_balls_completed": 0.05555067108290496,
      "passes_completed": 0.11857121090392354,
      "passes_opp_half": 0.18152622036729196,
      "penalties_conceded": -0.020227973290973155,
      "penalties_won": 0.0026785714285714286,
      "shots": 0.06435551336458077,
      "shots_on_target": 0.035216313562695875,
      "tackles_won": 0.0679548715870774,
      "touches": 0.07682168406750467,
      "touches_in_box": 0.24461325699115957,
      "was_fouled": 0.02903312681905604,
      "xg_on_target": 0.07781908708810556,
      "xg_shots": 0.056331699146913515
    },
    "POR": {
      "errors_bad_passes": -0.29996139381381426,
      "errors_led_to_goal": -0.05971377008319325,
      "errors_led_to_shot": -0.02000031278292871,
      "gk_crosses_not_claimed": -0.009834850824457956,
      "gk_goals_prevented": 0.11034242917782104,
      "gk_high_claims": 0.12224204863988976,
      "gk_penalty_saves": 0.028795811518324606,
      "gk_punches": 0.034829367023251456,
      "gk_saves": 0.30579043594850575,
      "gk_saves_inside_box": 0.3951225101120822,
      "gk_sweeper": 0.061145930785880064,
      "passes_completed": 0.0452618672240606
    }
  },
  "weights_fingerprint": "45713ca38af3c53e"
}